HOUSEHOLD_ID,YEAR,INCOME_RANK,INCOME_RANK_1,INCOME_RANK_2,INCOME_RANK_3,INCOME_RANK_4,INCOME_RANK_5,INCOME_RANK_MEAN,AGE_REF
03111041,2015,0.304403,0.144808,0.142726,0.143244,0.14218,0.138187,0.126976,66
03111042,2015,0.306346,0.146156,0.144356,0.144592,0.143528,0.139535,0.128324,66
03111051,2015,0.693114,0.622172,0.620369,0.62296,0.613054,0.612297,0.620679,48
03111052,2015,0.692559,0.621617,0.619814,0.622405,0.612499,0.611743,0.620124,48
03111061,2015,0.281706,0.112993,0.112831,0.1098,0.111553,0.109168,0.095098,37
03111062,2015,0.282014,0.113301,0.113139,0.110108,0.111861,0.109477,0.095406,37
03111071,2015,0.374443,0.243524,0.213934,0.205709,0.205011,0.20497,0.199688,48
03111072,2015,0.373963,0.227774,0.203176,0.20142,0.227579,0.204489,0.19822,48
03111091,2015,0.012018,0.132291,0.4887,0.393624,0.428042,0.301625,0.346874,56
03111092,2015,0.016428,0.246794,0.317171,0.420622,0.290728,0.379542,0.321265,56
03111111,2015,0.544797,0.437632,0.43624,0.439364,0.438307,0.429586,0.428751,50
03111112,2015,0.543496,0.43633,0.434939,0.438062,0.436767,0.428284,0.42745,50
03111121,2015,1,1,1,0.999852,1,1,1,47
03111122,2015,0.999746,0.999746,0.999746,0.999598,0.999746,0.999746,0.999746,47
03111151,2015,0.416094,0.506226,0.276574,0.920487,0.273898,0.654041,0.628713,67
03111152,2015,0.415684,0.661643,0.810279,0.624058,0.481085,0.722623,0.676567,67
03111191,2015,0.264647,0.402333,0.569539,0.788276,0.562602,0.673056,0.619311,55
03111231,2015,0.278528,0.751398,0.517809,0.464323,0.326314,0.722213,0.586365,39
03111232,2015,0.279336,0.679555,0.445555,0.628863,0.475812,0.673625,0.590793,39
03111241,2015,0.481915,0.360714,0.357551,0.362027,0.366874,0.35646,0.349858,74
03111242,2015,0.48204,0.360839,0.357676,0.362496,0.366999,0.356585,0.349983,74
03111321,2015,0.714239,0.650541,0.649455,0.65278,0.648556,0.642758,0.652241,35
03111322,2015,0.714635,0.650937,0.649851,0.653176,0.648952,0.643154,0.652636,35
03111341,2015,0.405406,0.267463,0.262365,0.268369,0.265088,0.266282,0.254913,34
03111342,2015,0.407555,0.26872,0.263622,0.269626,0.266345,0.267539,0.25617,34
03111351,2015,0.905379,0.883638,0.883779,0.879829,0.883505,0.879132,0.88698,52
03111352,2015,0.904963,0.883223,0.883363,0.879414,0.88309,0.878717,0.886565,52
03111382,2015,0.834168,0.920569,0.88489,0.922188,0.879175,0.865217,0.905148,39
03111391,2015,0.102643,0.033882,0.075349,0.092794,0.210538,0.256399,0.109377,51
03111392,2015,0.067088,0.200418,0.191031,0.104559,0.082844,0.130837,0.130292,53
03111401,2015,0.863095,0.832801,0.83175,0.830042,0.832507,0.827222,0.830739,34
03111402,2015,0.862576,0.832282,0.831231,0.829523,0.831988,0.826703,0.83022,34
03111431,2015,0.627826,0.547209,0.54877,0.543384,0.536184,0.536209,0.536476,29
03111432,2015,0.627506,0.54689,0.54845,0.543064,0.535865,0.535889,0.536156,29
03111451,2015,0.350491,0.229168,0.208394,0.208652,0.249207,0.204008,0.208866,53
03111452,2015,0.349975,0.194526,0.167791,0.207657,0.209245,0.163859,0.175107,53
03111471,2015,0.351932,0.200729,0.197947,0.199451,0.200014,0.19796,0.185772,66
03111472,2015,0.352243,0.201041,0.198259,0.199763,0.200325,0.198272,0.186084,66
03111481,2015,0.117097,0.844408,0.684617,0.4262,0.738267,0.422162,0.662907,60
03111482,2015,0.034225,0.877295,0.80517,0.677652,0.691169,0.930422,0.838352,60
03111531,2015,0.770723,0.716524,0.715628,0.717119,0.719374,0.711898,0.722679,44
03111532,2015,0.771068,0.716869,0.715973,0.717464,0.719719,0.712243,0.723024,44
03111541,2015,0.749552,0.695269,0.69071,0.694178,0.694478,0.685882,0.696593,34
03111542,2015,0.75099,0.696707,0.692147,0.695615,0.695916,0.68732,0.69803,34
03111551,2015,0.63765,0.562102,0.564722,0.560488,0.554437,0.552831,0.556483,25
03111552,2015,0.637547,0.562,0.56462,0.560385,0.554335,0.552728,0.55638,25
03111561,2015,0.011264,0.591665,0.849024,0.902539,0.533406,0.737838,0.76754,42
03111562,2015,0.026254,0.693754,0.151931,0.769924,0.479791,0.803847,0.633017,42
03111571,2015,0.090735,0.310793,0.369237,0.203203,0.563522,0.47296,0.392684,43
03111572,2015,0.076162,0.502518,0.355669,0.40645,0.20216,0.179077,0.322828,43
03111591,2015,0.035994,0.390205,0.381647,0.324495,0.495121,0.44371,0.403451,57
03111592,2015,0.114679,0.602911,0.596138,0.446799,0.725465,0.245905,0.546244,57
03111601,2015,0.243983,0.064324,0.064586,0.064801,0.064267,0.060816,0.051823,82
03111602,2015,0.243685,0.064026,0.064289,0.064504,0.063969,0.060519,0.051525,82
03111631,2015,0.610123,0.540366,0.516784,0.55045,0.517613,0.515253,0.525941,68
03111632,2015,0.609719,0.545328,0.508561,0.514742,0.54876,0.537776,0.527652,68
03111641,2015,0.731157,0.677157,0.673094,0.675207,0.671475,0.668208,0.677672,48
03111642,2015,0.73146,0.677461,0.673398,0.675511,0.671778,0.668511,0.677975,48
03111651,2015,0.341206,0.188437,0.184788,0.189876,0.187305,0.184749,0.176122,49
03111652,2015,0.339758,0.187762,0.184114,0.189201,0.186361,0.184074,0.175447,49
03111661,2015,0.092877,0.05252,0.039047,0.082958,0.040166,0.181763,0.055906,40
03111662,2015,0.061587,0.282189,0.246302,0.186975,0.122649,0.188312,0.192157,27
03111691,2015,0.48423,0.363778,0.360518,0.365584,0.369781,0.359061,0.353291,68
03111692,2015,0.484562,0.36411,0.36085,0.365917,0.370114,0.359393,0.353624,68
03111721,2015,0.762884,0.70884,0.706175,0.707769,0.710543,0.700521,0.711184,41
03111722,2015,0.75727,0.704285,0.70162,0.703214,0.705988,0.695966,0.706629,41
03111771,2015,0.908771,0.889975,0.891203,0.886175,0.889527,0.886449,0.893805,63
03111772,2015,0.908427,0.889631,0.890608,0.885761,0.887837,0.885676,0.892171,63
03111781,2015,0.213259,0.030088,0.026739,0.029884,0.029613,0.026595,0.022448,73
03111782,2015,0.213558,0.030386,0.027038,0.030183,0.029912,0.026894,0.022746,73
03111791,2015,0.321233,0.161955,0.160459,0.16361,0.161002,0.15665,0.149112,63
03111792,2015,0.321581,0.162304,0.160808,0.163959,0.16135,0.156998,0.14946,63
03111801,2015,0.073127,0.574037,0.486713,0.493986,0.583947,0.536902,0.532533,44
03111802,2015,0.01714,0.539963,0.475285,0.552365,0.4086,0.674494,0.535073,44
03111821,2015,0.735587,0.693403,0.677023,0.664955,0.660548,0.690578,0.681955,53
03111822,2015,0.735729,0.675358,0.674585,0.664153,0.658252,0.654816,0.673173,53
03111831,2015,0.040789,0.131376,0.05075,0.095447,0.224673,0.046174,0.085202,58
03111832,2015,0.02885,0.001152,0.001152,0.001152,0.001583,0.001152,0.001152,58
03111861,2015,0.923575,0.908116,0.907362,0.905539,0.906848,0.90408,0.912299,50
03111862,2015,0.922937,0.907479,0.906724,0.904902,0.90621,0.903442,0.911662,50
03111891,2015,0.814467,0.769728,0.767143,0.772849,0.771755,0.769995,0.774916,30
03111892,2015,0.815313,0.770574,0.767989,0.773695,0.772601,0.770841,0.775762,30
03111901,2015,0.182046,0.01357,0.011451,0.013508,0.013575,0.01222,0.010259,58
03111902,2015,0.182266,0.01379,0.01167,0.013728,0.013795,0.01244,0.010479,58
03111941,2015,0.891694,0.869854,0.868046,0.866208,0.868847,0.862638,0.873008,66
03111942,2015,0.891354,0.870195,0.868387,0.865867,0.870902,0.862978,0.873348,66
03111951,2015,0.129832,0.271741,0.207524,0.414821,0.274823,0.297778,0.285247,48
03111952,2015,0.154652,0.065268,0.032328,0.034506,0.033615,0.07448,0.036989,48
03111991,2015,0.907418,0.888007,0.887629,0.88452,0.886827,0.883805,0.89066,29
03111992,2015,0.907163,0.887752,0.887374,0.884265,0.886573,0.88355,0.890405,29
03112011,2015,0.614781,0.522094,0.523527,0.517926,0.516638,0.512141,0.512103,87
03112012,2015,0.615118,0.52243,0.523863,0.518263,0.516975,0.512477,0.512439,87
03112031,2015,0.626594,0.545977,0.546393,0.541402,0.534089,0.533501,0.532853,36
03112032,2015,0.626914,0.546297,0.546713,0.541722,0.534409,0.533821,0.533173,36
03112041,2015,0.805782,0.759806,0.758913,0.76178,0.758468,0.758831,0.763844,73
03112042,2015,0.806187,0.760211,0.759318,0.762185,0.758872,0.759236,0.764249,73
03112061,2015,0.914511,0.89925,0.897788,0.896288,0.898427,0.893563,0.902759,58
03112062,2015,0.913949,0.898689,0.897226,0.895727,0.897865,0.893002,0.902198,58
03112081,2015,0.766896,0.71281,0.711477,0.71301,0.715802,0.707899,0.717545,30
03112082,2015,0.767689,0.713096,0.711763,0.713297,0.716088,0.708185,0.717831,30
03112091,2015,0.266353,0.098009,0.095851,0.092942,0.095114,0.093693,0.078682,79
03112092,2015,0.266501,0.098157,0.096,0.09309,0.095262,0.093841,0.07883,79
03112161,2015,0.458482,0.331218,0.324682,0.328297,0.333102,0.328151,0.318357,27
03112162,2015,0.456455,0.329173,0.323035,0.326651,0.33113,0.326504,0.316711,27
03112171,2015,0.260304,0.086504,0.086088,0.0858,0.084907,0.082571,0.072363,44
03112172,2015,0.260567,0.086767,0.08635,0.086063,0.08517,0.082834,0.072625,44
03112221,2015,0.979174,0.954191,0.953953,0.9548,0.957547,0.953281,0.955159,49
03112222,2015,0.979404,0.953961,0.954183,0.95503,0.957317,0.953511,0.954929,49
03112231,2015,0.729843,0.672419,0.669775,0.673109,0.666052,0.66397,0.673597,62
03112232,2015,0.730267,0.672843,0.670198,0.673532,0.666476,0.664394,0.674021,62
03112251,2015,0.198159,0.093893,0.229249,0.034848,0.464634,0.25087,0.204196,55
03112252,2015,0.199177,0.128167,0.460597,0.097052,0.233316,0.153423,0.214812,55
03112261,2015,0.919435,0.905564,0.903376,0.902803,0.903747,0.899482,0.908342,36
03112262,2015,0.9197,0.905828,0.903641,0.903068,0.904012,0.899747,0.908607,36
03112341,2015,0.766275,0.720347,0.711191,0.716775,0.765455,0.707613,0.730991,87
03112342,2015,0.76661,0.763546,0.710856,0.728071,0.71903,0.711127,0.733056,87
03112351,2015,0.666449,0.589035,0.586717,0.586836,0.579717,0.580959,0.587294,53
03112352,2015,0.666733,0.589319,0.587001,0.58712,0.580001,0.581244,0.587578,53
03112372,2015,0.620719,0.533496,0.533818,0.529691,0.524024,0.522505,0.522807,63
03112381,2015,0.396312,0.26083,0.2526,0.260039,0.25693,0.258299,0.245804,62
03112382,2015,0.397208,0.261725,0.253496,0.260935,0.257826,0.259195,0.2467,62
03112441,2015,0.853009,0.822109,0.820351,0.820358,0.821046,0.816476,0.820753,71
03112442,2015,0.852407,0.821507,0.819749,0.819756,0.820444,0.815874,0.820151,51
03112451,2015,0.38744,0.246124,0.24285,0.249077,0.242906,0.247644,0.232319,27
03112452,2015,0.386571,0.245255,0.241705,0.248208,0.242037,0.246775,0.23145,27
03112461,2015,0.668432,0.592036,0.588563,0.589973,0.583156,0.583441,0.589211,45
03112462,2015,0.668803,0.592406,0.588933,0.590344,0.583527,0.583812,0.589582,45
03112471,2015,0.240679,0.060506,0.06109,0.060052,0.061108,0.059217,0.050522,66
03112472,2015,0.240322,0.060149,0.060733,0.059694,0.060751,0.05886,0.050165,66
03112481,2015,0.478924,0.351034,0.376052,0.381347,0.364384,0.342557,0.352636,25
03112482,2015,0.479414,0.371131,0.373572,0.361902,0.357494,0.332705,0.349733,25
03112501,2015,0.336462,0.184176,0.180229,0.184459,0.18098,0.180055,0.169664,25
03112502,2015,0.336891,0.184605,0.180658,0.184888,0.181409,0.180484,0.170093,25
03112522,2015,0.035474,0.539144,0.672791,0.581989,0.578128,0.669644,0.616824,19
03112531,2015,0.706343,0.6496,0.610183,0.625312,0.667216,0.621807,0.636029,23
03112532,2015,0.70827,0.650146,0.632795,0.677235,0.656861,0.621496,0.650226,23
03112571,2015,0.5915,0.810339,0.51638,0.551945,0.678641,0.594548,0.641656,79
03112572,2015,0.591194,0.601741,0.545444,0.519937,0.670876,0.514407,0.572792,79
03112581,2015,0.611896,0.700569,0.697771,0.700216,0.701855,0.692064,0.703631,25
03112582,2015,0.61139,0.592913,0.636119,0.552872,0.566137,0.527038,0.577573,25
03112621,2015,0.119364,0.582333,0.364418,0.668145,0.53725,0.605574,0.566145,33
03112622,2015,0.039224,0.415864,0.818917,0.600034,0.605261,0.562082,0.621918,33
03112651,2015,0.48179,0.360589,0.357054,0.361111,0.366304,0.355964,0.348889,74
03112652,2015,0.481411,0.36021,0.356675,0.360732,0.365925,0.355585,0.34851,74
03112681,2015,0.412835,0.298631,0.25469,0.302955,0.283527,0.279639,0.276816,63
03112682,2015,0.41312,0.264663,0.300277,0.298467,0.268168,0.296137,0.279991,63
03112701,2015,0.680164,0.604704,0.601144,0.602016,0.59594,0.595521,0.602104,30
03112702,2015,0.680851,0.605391,0.601831,0.602703,0.596628,0.596208,0.602791,30
03112711,2015,0.877159,0.878969,0.90055,0.890833,0.883774,0.861657,0.887455,33
03112712,2015,0.877427,0.867527,0.848673,0.848438,0.877259,0.869835,0.872365,33
03112731,2015,0.695751,0.628568,0.626656,0.629858,0.620627,0.618596,0.626107,56
03112732,2015,0.69592,0.628737,0.626826,0.630027,0.620796,0.618766,0.626276,56
03112742,2015,0.958609,0.937934,0.935917,0.936978,0.938997,0.935592,0.93891,39
03112751,2015,0.876593,0.851955,0.84727,0.846576,0.851511,0.845157,0.85089,34
03112752,2015,0.87689,0.852252,0.847567,0.846874,0.851809,0.845454,0.851187,34
03112772,2015,0.336033,0.36252,0.687111,0.428503,0.672849,0.443002,0.54263,30
03112781,2015,0.191857,0.482606,0.602119,0.521422,0.635444,0.622094,0.580641,60
03112782,2015,0.190515,0.544366,0.577631,0.444784,0.563354,0.526531,0.529176,60
03112791,2015,0.390355,0.249954,0.245525,0.251718,0.247559,0.250165,0.236578,77
03112792,2015,0.390717,0.250317,0.245887,0.25208,0.247921,0.250527,0.236941,77
03112801,2015,0.000339,0.483447,0.727981,0.68762,0.692273,0.896656,0.737552,68
03112802,2015,0.000677,0.784184,0.648813,0.582455,0.653601,0.809566,0.701857,68
03112811,2015,0.734225,0.738428,0.738458,0.659189,0.702664,0.723026,0.720473,61
03112812,2015,0.734628,0.751801,0.668305,0.733992,0.751125,0.672006,0.723427,61
03112821,2015,0.547436,0.441392,0.438594,0.441718,0.440842,0.4334,0.431446,33
03112822,2015,0.54712,0.441076,0.438278,0.441402,0.440526,0.433084,0.43113,33
03112831,2015,0.874388,0.850461,0.845899,0.844581,0.84864,0.842898,0.847349,44
03112832,2015,0.87472,0.850792,0.84623,0.844913,0.848971,0.84323,0.84768,44
03112841,2015,0.188876,0.122674,0.081879,0.083338,0.094966,0.127144,0.08385,23
03112842,2015,0.193612,0.119683,0.240388,0.133462,0.178532,0.208148,0.167131,44
03112881,2015,0.257489,0.083418,0.083145,0.081576,0.08125,0.07975,0.070262,70
03112882,2015,0.25778,0.083709,0.083436,0.081867,0.081541,0.080041,0.070553,70
03112921,2015,0.940687,0.936584,0.923004,0.921896,0.918702,0.902805,0.923596,44
03112922,2015,0.941095,0.934468,0.921584,0.917814,0.920955,0.957824,0.931531,44
03112931,2015,0.868203,0.839254,0.837919,0.835185,0.839313,0.833119,0.837935,38
03112932,2015,0.86799,0.839041,0.837706,0.834972,0.8391,0.832905,0.837722,38
03112941,2015,0.58787,0.484267,0.489519,0.486374,0.483095,0.481475,0.481516,36
03112942,2015,0.58726,0.483657,0.488909,0.485764,0.482187,0.480865,0.480906,36
03112951,2015,0.744194,0.827876,0.919169,0.723592,0.873216,0.849978,0.858958,37
03112952,2015,0.743813,0.852633,0.83497,0.863558,0.810034,0.880416,0.85281,37
03112971,2015,0.958251,0.90036,0.896009,0.894323,0.898823,0.891388,0.90124,68
03112972,2015,0.957856,0.899964,0.898184,0.895166,0.897304,0.892441,0.901636,68
03112981,2015,0.755726,0.70274,0.700076,0.70167,0.704444,0.694422,0.705085,30
03112982,2015,0.755106,0.70212,0.699456,0.70105,0.703824,0.693802,0.704465,30
03113041,2015,0.532974,0.456354,0.471319,0.529142,0.467776,0.552626,0.494386,44
03113042,2015,0.533753,0.474966,0.53843,0.429271,0.761811,0.426182,0.541801,44
03113052,2015,0.63538,0.560791,0.563938,0.558745,0.55292,0.55176,0.553861,35
03113061,2015,0.729081,0.671018,0.668644,0.671405,0.66529,0.662408,0.671949,70
03113062,2015,0.729419,0.671356,0.668982,0.671743,0.665629,0.662747,0.672287,70
03113071,2015,0.508012,0.387095,0.390709,0.393133,0.394772,0.385629,0.383589,47
03113072,2015,0.507544,0.386626,0.390241,0.392665,0.394304,0.385161,0.38312,47
03113141,2015,0.191311,0.122295,0.09487,0.127348,0.25463,0.127833,0.136717,87
03113142,2015,0.187426,0.070481,0.080213,0.113189,0.259317,0.093545,0.107819,87
03113151,2015,0.778339,0.727607,0.72461,0.729177,0.730613,0.723529,0.734142,49
03113152,2015,0.779467,0.728735,0.725739,0.730305,0.731742,0.724658,0.735271,49
03113161,2015,0.421773,0.28491,0.278848,0.283176,0.280891,0.281378,0.272192,87
03113162,2015,0.422246,0.285383,0.279321,0.283648,0.281364,0.281851,0.272665,87
03113171,2015,0.541757,0.726767,0.851271,0.612826,0.673517,0.56033,0.694558,52
03113172,2015,0.542662,0.925618,0.765674,0.77064,0.814949,0.896317,0.866195,52
03113191,2015,0.165604,0.365295,0.3081,0.261632,0.304112,0.665656,0.401474,48
03113192,2015,0.073883,0.680462,0.483153,0.094892,0.082267,0.388433,0.380335,48
03113221,2015,0.138852,0.024772,0.277861,0.164427,0.149704,0.331567,0.172234,56
03113222,2015,0.059899,0.210952,0.027506,0.404623,0.209713,0.085523,0.172702,56
03113231,2015,0.7869,0.73937,0.736611,0.742124,0.741696,0.738612,0.74498,51
03113232,2015,0.787222,0.739691,0.736933,0.742445,0.742017,0.738934,0.745302,51
03113241,2015,0.929946,0.944639,0.945092,0.944829,0.946967,0.943275,0.945297,58
03113242,2015,0.933317,0.948919,0.949079,0.948816,0.950953,0.947261,0.949283,58
03113321,2015,0.203104,0.277231,0.421946,0.513791,0.650242,0.44267,0.474375,71
03113322,2015,0.2045,0.814023,0.915647,0.753168,0.795418,0.872365,0.849209,71
03113341,2015,0.184607,0.017198,0.014334,0.017,0.016782,0.015144,0.01282,62
03113342,2015,0.184939,0.01753,0.014666,0.017332,0.017114,0.015476,0.013152,62
03113361,2015,0.118071,0.558756,0.234994,0.414295,0.350418,0.344581,0.38415,69
03113362,2015,0.003121,0.389242,0.449183,0.454288,0.261349,0.546676,0.420003,45
03113401,2015,0.135542,0.723393,0.547858,0.926945,0.367767,0.728589,0.730656,65
03113402,2015,0.106983,0.897122,0.941182,0.737987,0.922483,0.711553,0.884471,65
03113421,2015,0.475582,0.355274,0.349909,0.353841,0.359603,0.349819,0.342321,59
03113422,2015,0.475248,0.354589,0.349574,0.353506,0.359269,0.349485,0.341987,59
03113431,2015,0.825004,0.789038,0.786747,0.790402,0.78882,0.787886,0.793445,26
03113432,2015,0.825291,0.789324,0.787033,0.790688,0.789106,0.788172,0.793731,26
03113441,2015,0.037517,0.350543,0.232068,0.166081,0.580368,0.080409,0.29304,43
03113442,2015,0.104958,0.210483,0.450495,0.224944,0.259684,0.282569,0.281269,43
03113451,2015,0.837547,0.990387,0.9894,0.989096,0.989539,0.990545,0.990349,53
03113452,2015,0.832909,0.978338,0.794089,0.808767,0.889976,0.914546,0.91035,53
03113461,2015,0.491228,0.370308,0.36746,0.37361,0.37729,0.366356,0.359447,47
03113462,2015,0.49156,0.37064,0.367792,0.373942,0.377622,0.366949,0.35978,47
03113471,2015,0.635622,0.561318,0.56418,0.557996,0.554232,0.562042,0.556278,31
03113472,2015,0.635863,0.561897,0.558809,0.559666,0.547265,0.565048,0.554758,31
03113531,2015,0.218651,0.03579,0.034228,0.037642,0.036254,0.034168,0.02839,19
03113532,2015,0.218288,0.035427,0.033865,0.037279,0.035891,0.033805,0.028027,19
03113541,2015,0.012649,0.45289,0.667902,0.625,0.497109,0.376348,0.534304,28
03113542,2015,0.08655,0.199925,0.649059,0.470407,0.544935,0.684453,0.53896,28
03113551,2015,0.899753,0.879726,0.879806,0.875754,0.879932,0.874873,0.882539,55
03113552,2015,0.899375,0.879347,0.879428,0.875375,0.879554,0.874495,0.882161,55
03113572,2015,0.095315,0.057968,0.091747,0.096709,0.0258,0.03186,0.048644,72
03113581,2015,0.590888,0.487897,0.492578,0.489826,0.488085,0.486297,0.486843,44
03113582,2015,0.590693,0.487702,0.492383,0.489632,0.48789,0.486102,0.486648,44
03113601,2015,0.603214,0.508759,0.50992,0.508625,0.506339,0.502831,0.503921,42
03113602,2015,0.603764,0.509309,0.510471,0.509175,0.506889,0.503381,0.504471,42
03113651,2015,0.89483,0.995311,0.995638,0.995216,0.995659,0.995638,0.995638,51
03113652,2015,0.894617,0.931684,0.873813,0.987399,0.931355,0.876205,0.936024,51
03113661,2015,0.187085,0.220507,0.222935,0.24541,0.156901,0.226096,0.197525,73
03113662,2015,0.192919,0.181279,0.222686,0.334255,0.105479,0.300446,0.225517,73
03113671,2015,0.890763,0.92082,0.869407,0.910285,0.872186,0.866675,0.890911,34
03113672,2015,0.891014,0.920278,0.904753,0.877684,0.868295,0.86861,0.891757,34
03113681,2015,0.68773,0.615368,0.612867,0.613275,0.604644,0.604339,0.611587,33
03113682,2015,0.687505,0.615143,0.612643,0.61305,0.604419,0.604114,0.611362,33
03113701,2015,0.613013,0.520043,0.522956,0.517356,0.516067,0.51157,0.511532,52
03113702,2015,0.612455,0.519485,0.522398,0.516797,0.515509,0.511012,0.510974,52
03113711,2015,0.06549,0.434229,0.31679,0.55412,0.331561,0.560003,0.443959,48
03113712,2015,0.070114,0.206959,0.283225,0.51121,0.60821,0.404761,0.416353,44
03113721,2015,0.192158,0.888622,0.720031,0.876054,0.905206,0.837548,0.871759,81
03113722,2015,0.189461,0.814323,0.513135,0.686647,0.529678,0.616032,0.647203,81
03113741,2015,0.576736,0.474567,0.472434,0.475825,0.468224,0.463533,0.463555,46
03113742,2015,0.576289,0.470302,0.47933,0.469197,0.467377,0.468987,0.462581,46
03113751,2015,0.108141,0.161607,0.259565,0.163262,0.099022,0.182914,0.164134,68
03113752,2015,0.132777,0.248315,0.214739,0.316359,0.150108,0.158851,0.209271,68
03113761,2015,0.685513,0.612387,0.60917,0.610182,0.601963,0.602122,0.609102,46
03113762,2015,0.685031,0.611906,0.608689,0.6097,0.601482,0.60164,0.60862,46
03113801,2015,0.744685,0.68785,0.682906,0.687064,0.685875,0.681003,0.688873,50
03113802,2015,0.746647,0.688796,0.682688,0.687282,0.685657,0.681221,0.689091,50
03113842,2015,0.178252,0.008037,0.007713,0.009297,0.008837,0.008387,0.006742,47
03113861,2015,0.971321,0.984069,0.983406,0.985463,0.981373,0.979973,0.98369,32
03113862,2015,0.971024,0.9812,0.980578,0.979331,0.986928,0.985426,0.98193,32
03113872,2015,0.202575,0.110226,0.114489,0.124781,0.098618,0.150786,0.103498,43
03113881,2015,0.651127,0.566104,0.568724,0.565148,0.558547,0.557441,0.560485,60
03113882,2015,0.648701,0.565288,0.567908,0.564332,0.557731,0.556625,0.559669,60
03113891,2015,0.607175,0.512128,0.514085,0.511754,0.509819,0.505968,0.506891,53
03113892,2015,0.607478,0.512431,0.514388,0.512057,0.510122,0.506271,0.507194,53
03113941,2015,0.86645,0.837911,0.836576,0.833842,0.837969,0.831775,0.836592,38
03113942,2015,0.867456,0.838507,0.837172,0.834438,0.838565,0.832371,0.837188,38
03114001,2015,0.586287,0.480466,0.487253,0.482734,0.480053,0.477825,0.472754,46
03114002,2015,0.586549,0.480728,0.487515,0.482996,0.480315,0.478087,0.473016,46
03114011,2015,0.90303,0.966584,0.980281,0.992495,0.969717,0.982523,0.979157,63
03114012,2015,0.903323,0.942089,0.968235,0.929457,0.972126,0.9688,0.961565,63
03114021,2015,0.40901,0.26901,0.263912,0.269916,0.266635,0.267829,0.25646,51
03114031,2015,0.997951,0.998502,0.998565,0.998565,0.998412,0.998892,0.998565,36
03114032,2015,0.99821,0.99876,0.998824,0.998824,0.99867,0.99915,0.998824,36
03114051,2015,0.989038,0.984725,0.983109,0.982386,0.983996,0.985129,0.984758,61
03114052,2015,0.98871,0.984397,0.982781,0.982058,0.983668,0.984801,0.98443,61
03114071,2015,0.153166,0.119352,0.314559,0.471615,0.246462,0.096507,0.249715,34
03114072,2015,0.120476,0.180913,0.354107,0.303284,0.215136,0.164817,0.237831,34
03114091,2015,0.274462,0.104626,0.101935,0.101243,0.102402,0.099707,0.086675,54
03114092,2015,0.274346,0.104509,0.101818,0.101127,0.102285,0.09959,0.086558,54
03114101,2015,0.736722,0.682449,0.676417,0.680718,0.67962,0.67271,0.682763,37
03114131,2015,0.827414,0.802415,0.972051,0.89018,0.825795,0.847433,0.897324,34
03114132,2015,0.828174,0.823839,0.839524,0.918766,0.852151,0.921886,0.883816,34
03114141,2015,0.171106,0.574406,0.669351,0.428872,0.721498,0.649678,0.622288,59
03114142,2015,0.062924,0.746485,0.58305,0.554799,0.632854,0.572791,0.623888,59
03114151,2015,0.99516,0.995098,0.995424,0.995003,0.995446,0.995424,0.995424,50
03114152,2015,0.994885,0.994823,0.995149,0.994728,0.995171,0.995149,0.995149,50
03114161,2015,0.520799,0.405855,0.40725,0.408789,0.41081,0.397855,0.399828,26
03114162,2015,0.521562,0.406116,0.40751,0.409049,0.41107,0.398115,0.400088,26
03114191,2015,0.041881,0.047353,0.166778,0.302671,0.318169,0.218464,0.196907,75
03114212,2015,0.555181,0.475146,0.452301,0.446538,0.450541,0.471704,0.448546,52
03114261,2015,0.760484,0.706969,0.704305,0.705899,0.708672,0.698651,0.709313,58
03114262,2015,0.762519,0.708475,0.70581,0.707404,0.710178,0.700156,0.710819,58
03114291,2015,0.27772,0.620879,0.467778,0.512762,0.747781,0.745351,0.633078,23
03114292,2015,0.277659,0.559651,0.850944,0.831549,0.247196,0.683891,0.6876,23
03114342,2015,0.999492,0.999298,0.998971,1,0.999298,0.999492,0.999492,50
03114361,2015,0.972346,0.970583,0.96848,0.971129,0.974039,0.965803,0.970763,58
03114362,2015,0.97259,0.969264,0.969911,0.971373,0.97237,0.969814,0.971662,58
03114401,2015,0.969441,0.970995,0.962873,0.97388,0.971529,0.965205,0.969085,67
03114402,2015,0.969028,0.970339,0.984182,0.967842,0.977648,0.967735,0.975498,67
03114431,2015,0.193281,0.124269,0.179799,0.170917,0.147116,0.117621,0.135658,76
03114432,2015,0.188496,0.19204,0.173449,0.031936,0.239573,0.069594,0.114205,76
03114441,2015,0.978613,0.976042,0.974934,0.974211,0.9761,0.974555,0.976278,50
03114442,2015,0.978945,0.976373,0.975266,0.974543,0.976431,0.974887,0.97661,50
03114491,2015,0.264976,0.095169,0.092644,0.09036,0.091155,0.090056,0.076286,87
03114492,2015,0.265305,0.095498,0.092974,0.090689,0.091484,0.090385,0.076615,87
03114511,2015,0.131894,0.946893,0.947052,0.946789,0.948926,0.945234,0.947257,58
03114512,2015,0.046172,0.573006,0.219767,0.545121,0.219766,0.534423,0.432,58
03114521,2015,0.622721,0.536468,0.536117,0.532406,0.526561,0.525332,0.525537,73
03114522,2015,0.622416,0.536163,0.535813,0.532101,0.526256,0.525028,0.525232,73
03114551,2015,0.796062,0.750308,0.750213,0.749889,0.751637,0.748412,0.756018,77
03114552,2015,0.796574,0.748272,0.749701,0.751253,0.750721,0.748924,0.75519,77
03114561,2015,0.636328,0.578126,0.571978,0.576122,0.563067,0.567991,0.569811,44
03114581,2015,0.728339,0.668915,0.66594,0.669144,0.664241,0.664695,0.670239,45
03114582,2015,0.727327,0.670331,0.666635,0.668102,0.666777,0.66036,0.669937,45
03114591,2015,0.707205,0.674905,0.672348,0.64307,0.620117,0.663034,0.657098,26
03114592,2015,0.708558,0.63415,0.626487,0.638898,0.6479,0.610618,0.632666,26
03114602,2015,0.700597,0.633781,0.634104,0.637856,0.628223,0.625636,0.633634,27
03114611,2015,0.785224,0.736355,0.734133,0.739656,0.739751,0.7346,0.74313,34
03114612,2015,0.786183,0.737315,0.735093,0.740616,0.74071,0.73556,0.744089,34
03114631,2015,0.122492,0.121954,0.206998,0.240409,0.090474,0.075357,0.135296,19
03114661,2015,0.955278,0.96502,0.957421,0.941953,0.942728,0.9357,0.943996,50
03114662,2015,0.955386,0.982168,0.977613,0.979439,0.981076,0.985645,0.980352,50
03114671,2015,0.472347,0.349516,0.344909,0.347581,0.354161,0.34686,0.337482,29
03114672,2015,0.472146,0.349315,0.344707,0.34738,0.35396,0.346659,0.337281,29
03114701,2015,0.896717,0.878124,0.876944,0.874157,0.877776,0.871099,0.880575,32
03114702,2015,0.89694,0.878347,0.877167,0.87438,0.877998,0.871322,0.880797,32
03114721,2015,0.463926,0.34051,0.33609,0.337501,0.344638,0.336709,0.328237,64
03114722,2015,0.463723,0.340307,0.335888,0.337298,0.344435,0.336507,0.328035,64
03114731,2015,0.480146,0.358857,0.354839,0.358206,0.363893,0.354307,0.345904,22
03114732,2015,0.47978,0.358491,0.354473,0.35784,0.363527,0.353942,0.345538,22
03114741,2015,0.422911,0.773554,0.656668,0.794167,0.617081,0.51654,0.68366,51
03114742,2015,0.423576,0.517101,0.412325,0.52335,0.474036,0.492726,0.486453,51
03114751,2015,0.167686,0.840789,0.90582,0.708132,0.783142,0.85905,0.83846,40
03114752,2015,0.099405,0.610036,0.763703,0.795643,0.554545,0.663143,0.686844,40
03114771,2015,0.63315,0.590241,0.562858,0.531797,0.528979,0.535297,0.546443,39
03114772,2015,0.63335,0.537181,0.56098,0.553072,0.525951,0.525898,0.533601,39
03114801,2015,0.835228,0.856541,0.784716,0.850078,0.84008,0.821242,0.83386,54
03114802,2015,0.837098,0.81221,0.760834,0.828348,0.8084,0.827865,0.811889,54
03114811,2015,0.524702,0.411415,0.412887,0.413586,0.415339,0.40445,0.404013,87
03114812,2015,0.524421,0.411134,0.412606,0.413305,0.415058,0.404169,0.403732,87
03114881,2015,0.696261,0.630909,0.625866,0.629688,0.619829,0.618427,0.626617,68
03114882,2015,0.696601,0.628399,0.624528,0.630368,0.620458,0.618086,0.625938,68
03114961,2015,0.063995,0.9892,0.9763,0.982539,0.993467,0.98287,0.986862,53
03114962,2015,0.003559,0.997916,0.99671,0.994181,0.99915,0.99649,0.997645,53
03114981,2015,0.72556,0.668072,0.664289,0.666918,0.662994,0.659517,0.668075,59
03114982,2015,0.724614,0.667126,0.663343,0.665972,0.662048,0.658571,0.667129,59
03115001,2015,0.71659,0.65461,0.652291,0.654791,0.651288,0.64596,0.654527,34
03115002,2015,0.717566,0.655586,0.653267,0.655767,0.652264,0.646936,0.655503,34
03115031,2015,0.884587,0.860245,0.857954,0.855519,0.858118,0.854505,0.862603,43
03115032,2015,0.883947,0.859606,0.857315,0.854879,0.857479,0.853865,0.861964,43
03115051,2015,0.791868,0.744311,0.743303,0.746574,0.745831,0.743507,0.750517,33
03115052,2015,0.791323,0.743766,0.742758,0.746029,0.745286,0.742963,0.749972,33
03115061,2015,0.282951,0.114739,0.115713,0.11185,0.1137,0.111202,0.096874,58
03115062,2015,0.283271,0.115059,0.116033,0.11217,0.11402,0.111523,0.097194,58
03115071,2015,0.080348,0.49796,0.604745,0.679168,0.696225,0.671277,0.638891,49
03115072,2015,0.060208,0.337956,0.82409,0.866517,0.623572,0.785426,0.731979,49
03115091,2015,0.455149,0.325141,0.319921,0.3231,0.327005,0.322448,0.313193,69
03115092,2015,0.455532,0.325524,0.320304,0.323483,0.327388,0.322831,0.313575,69
03115121,2015,0.51552,0.398854,0.401098,0.403415,0.40571,0.393959,0.394711,76
03115122,2015,0.515119,0.398453,0.400697,0.403013,0.405308,0.393557,0.394309,76
03115131,2015,0.655487,0.548289,0.607217,0.568916,0.569861,0.572421,0.570671,63
03115132,2015,0.654808,0.557235,0.563537,0.559424,0.568981,0.540121,0.55346,63
03115151,2015,0.598541,0.501062,0.502848,0.502499,0.500102,0.498114,0.497803,22
03115152,2015,0.598915,0.501436,0.503221,0.502872,0.500476,0.498487,0.498177,22
03115161,2015,0.235936,0.057361,0.056873,0.056111,0.057536,0.056033,0.046848,47
03115162,2015,0.236191,0.057616,0.057128,0.056365,0.05779,0.056288,0.047103,47
03115171,2015,0.311102,0.148305,0.146289,0.147427,0.145369,0.141077,0.131038,66
03115172,2015,0.310729,0.147932,0.145916,0.147054,0.144996,0.140704,0.130665,66
03115181,2015,0.580618,0.47796,0.482807,0.478082,0.4763,0.472792,0.467919,34
03115191,2015,0.302428,0.142551,0.139765,0.140244,0.139494,0.135691,0.125001,38
03115192,2015,0.302119,0.142242,0.139456,0.139935,0.139185,0.135381,0.124692,38
03115201,2015,0.54863,0.444442,0.443012,0.443521,0.443466,0.436712,0.434114,67
03115202,2015,0.548258,0.44407,0.44264,0.443149,0.443094,0.43634,0.433742,67
03115211,2015,0.88808,0.863679,0.860736,0.858395,0.861668,0.85772,0.86708,63
03115212,2015,0.887845,0.863443,0.8605,0.85816,0.861433,0.857485,0.866844,63
03115221,2015,0.064554,0.055114,0.067879,0.02214,0.09325,0.033108,0.043431,45
03115222,2015,0.108494,0.363206,0.298842,0.272751,0.325874,0.341343,0.309197,45
03115252,2015,0.694575,0.771815,0.940157,0.918494,0.849711,0.930822,0.9099,54
03115261,2015,0.24631,0.068585,0.068806,0.068161,0.066936,0.063339,0.055113,40
03115262,2015,0.246042,0.068316,0.068538,0.067893,0.066668,0.063071,0.054845,40
03115281,2015,0.161839,0.468717,0.368645,0.616137,0.296286,0.479146,0.44548,67
03115282,2015,0.111571,0.326969,0.432965,0.018485,0.441863,0.28818,0.291486,67
03115292,2015,0.905822,0.882553,0.878216,0.880917,0.896908,0.872809,0.887898,63
03115321,2015,0.776294,0.725761,0.714604,0.753403,0.764135,0.701347,0.737786,55
03115322,2015,0.776529,0.718324,0.732762,0.691772,0.759653,0.751388,0.738021,55
03115341,2015,0.7769,0.725009,0.723736,0.727054,0.728402,0.721402,0.73235,55
03115342,2015,0.777271,0.72538,0.724107,0.727425,0.728773,0.721773,0.732721,55
03115352,2015,0.734972,0.712206,0.674183,0.685344,0.714057,0.749193,0.712982,53
03115371,2015,0.049334,0.47255,0.098241,0.158298,0.131203,0.144813,0.193447,38
03115372,2015,0.149411,0.334664,0.125161,0.569255,0.052603,0.223943,0.271369,38
03115382,2015,0.938181,0.920027,0.918479,0.917407,0.918995,0.917395,0.921736,67
03115391,2015,0.18778,0.371836,0.449847,0.309535,0.266989,0.495913,0.377709,68
03115392,2015,0.188134,0.354254,0.195822,0.606507,0.321448,0.713839,0.478837,68
03115411,2015,0.689384,0.617386,0.614687,0.618125,0.607537,0.606907,0.61471,53
03115412,2015,0.689747,0.617748,0.615049,0.618488,0.607899,0.607269,0.615073,53
03115421,2015,0.531938,0.420865,0.420636,0.423091,0.423412,0.415225,0.414527,51
03115422,2015,0.53161,0.420536,0.420308,0.422763,0.423083,0.414897,0.414199,51
03115441,2015,0.558773,0.461683,0.462424,0.460314,0.45973,0.453428,0.450506,50
03115442,2015,0.558324,0.461233,0.461974,0.459865,0.459281,0.452979,0.450057,50
03115471,2015,0.608607,0.513646,0.514675,0.512655,0.510644,0.506855,0.507927,55
03115472,2015,0.608653,0.513691,0.51472,0.512701,0.510689,0.5069,0.507973,55
03115491,2015,0.929588,0.914909,0.913211,0.913129,0.914049,0.911544,0.917821,42
03115492,2015,0.92932,0.914641,0.912943,0.91286,0.913781,0.911276,0.917552,42
03115511,2015,0.820232,0.781426,0.776982,0.782146,0.779727,0.779773,0.785712,81
03115512,2015,0.820614,0.781808,0.777365,0.782529,0.780109,0.780156,0.786095,81
03115522,2015,0.005466,0.305449,0.292299,0.341315,0.197417,0.237907,0.271031,71
03115531,2015,0.522772,0.406823,0.408217,0.409756,0.411777,0.398822,0.400795,27
03115532,2015,0.522418,0.406469,0.407863,0.409403,0.411424,0.398469,0.400442,27
03115541,2015,0.168342,0.527269,0.236462,0.736177,0.338195,0.220823,0.444257,26
03115542,2015,0.018079,0.820919,0.340185,0.408409,0.625034,0.563586,0.586684,26
03115591,2015,0.054158,0.08016,0.823461,0.169054,0.122234,0.217574,0.356524,38
03115621,2015,0.043907,0.585225,0.391528,0.315955,0.302682,0.261441,0.376953,58
03115622,2015,0.135115,0.037444,0.043592,0.103622,0.065007,0.028993,0.04455,58
03115631,2015,0.718987,0.744767,0.942231,0.869584,0.843101,0.864925,0.879703,56
03115632,2015,0.71941,0.80864,0.710521,0.787332,0.786162,0.934945,0.838883,56
03115671,2015,0.807295,0.775307,0.76986,0.777228,0.762183,0.777867,0.778681,29
03115672,2015,0.806923,0.778575,0.765347,0.760869,0.774511,0.764764,0.774164,29
03115711,2015,0.449349,0.315376,0.311387,0.313299,0.317108,0.312283,0.307801,33
03115712,2015,0.44898,0.315007,0.311017,0.31293,0.316739,0.311913,0.307432,33
03115721,2015,0.538362,0.430931,0.430665,0.43275,0.43129,0.422897,0.422923,54
03115722,2015,0.538642,0.431211,0.430945,0.43303,0.43157,0.423177,0.423203,54
03115781,2015,0.683614,0.646543,0.599822,0.633729,0.568302,0.600901,0.615436,60
03115782,2015,0.68325,0.617024,0.654856,0.623324,0.573163,0.60553,0.618472,60
03115791,2015,0.420115,0.281774,0.276164,0.281636,0.278748,0.279354,0.269501,28
03115792,2015,0.419862,0.281521,0.27591,0.281382,0.278494,0.2791,0.269247,28
03115821,2015,0.10594,0.344396,0.497904,0.415365,0.615243,0.71256,0.53797,35
03115822,2015,0.087596,0.514651,0.688846,0.8405,0.67319,0.544756,0.676157,35
03115831,2015,0.901342,0.881723,0.880976,0.877205,0.880822,0.875763,0.884045,48
03115832,2015,0.901571,0.881495,0.882488,0.877433,0.881051,0.875992,0.8847,48
03115851,2015,0.660307,0.578889,0.581689,0.579569,0.573813,0.571347,0.57625,77
03115852,2015,0.660702,0.579285,0.582084,0.579964,0.574208,0.571742,0.576645,58
03115861,2015,0.830597,0.794578,0.794882,0.796941,0.794565,0.793366,0.798772,47
03115862,2015,0.830921,0.794901,0.795205,0.797264,0.794889,0.79369,0.799096,47
03115872,2015,0.90929,0.890493,0.889378,0.886694,0.888355,0.885332,0.892689,46
03115891,2015,0.984782,0.980903,0.979511,0.978762,0.980774,0.979676,0.98005,56
03115892,2015,0.984336,0.980457,0.979065,0.978316,0.980328,0.97923,0.979604,56
03115901,2015,0.332087,0.176038,0.172691,0.178002,0.174163,0.173641,0.161559,76
03115902,2015,0.331645,0.175596,0.172249,0.17756,0.173721,0.173199,0.161117,76
03115911,2015,0.4618,0.664329,0.538696,0.420242,0.530288,0.438014,0.526207,46
03115912,2015,0.461534,0.338222,0.372756,0.372932,0.341611,0.562348,0.398834,46
03115921,2015,0.943331,0.928021,0.928153,0.927643,0.92962,0.925618,0.930225,50
03115922,2015,0.942982,0.927672,0.927804,0.927294,0.929271,0.925269,0.929876,50
03115942,2015,0.166729,0.550771,0.542803,0.398482,0.560597,0.412471,0.495931,29
03115961,2015,0.08329,0.507444,0.201739,0.515418,0.534524,0.208555,0.402285,63
03115971,2015,0.997373,0.994229,0.994555,0.993708,0.994576,0.994266,0.994555,44
03115972,2015,0.997693,0.994548,0.994874,0.994027,0.994896,0.994585,0.994874,44
03115991,2015,0.644138,0.563842,0.566462,0.562886,0.556285,0.555179,0.558223,29
03115992,2015,0.648252,0.564839,0.567459,0.563883,0.557282,0.556176,0.55922,29
03116001,2015,0.115533,0.580618,0.404873,0.514061,0.376957,0.394893,0.450775,82
03116002,2015,0.053514,0.381852,0.332939,0.058055,0.270948,0.040811,0.206608,82
03116031,2015,0.221511,0.273185,0.405165,0.385064,0.27195,0.105421,0.282438,44
03116032,2015,0.221803,0.201956,0.363113,0.315073,0.507181,0.494648,0.379348,44
03116041,2015,0.201902,0.023666,0.022124,0.025265,0.024142,0.0217,0.018349,75
03116042,2015,0.202218,0.023982,0.02244,0.025581,0.024458,0.022016,0.018665,75
03116051,2015,0.926221,0.799995,0.8003,0.802359,0.800851,0.798931,0.805096,87
03116052,2015,0.926564,0.800339,0.800643,0.802702,0.801195,0.799274,0.805439,87
03116071,2015,0.168044,0.15826,0.709825,0.430613,0.547623,0.749851,0.566504,54
03116072,2015,0.153524,0.324043,0.689204,0.73239,0.678335,0.593652,0.630515,54
03116081,2015,0.180195,0.010896,0.010044,0.011855,0.011862,0.011034,0.008685,61
03116082,2015,0.179859,0.01056,0.009707,0.011518,0.011526,0.010698,0.008348,61
03116101,2015,0.619569,0.532345,0.532389,0.527696,0.522874,0.521355,0.521657,68
03116102,2015,0.617005,0.529781,0.529825,0.525132,0.52031,0.518791,0.519092,68
03116131,2015,0.163383,0.226363,0.124437,0.084718,0.108834,0.434253,0.191047,34
03116132,2015,0.109138,0.224364,0.150122,0.045058,0.05426,0.089164,0.085776,34
03116151,2015,0.612134,0.519164,0.522077,0.516476,0.515188,0.51069,0.510653,22
03116152,2015,0.612692,0.519722,0.522635,0.517035,0.515746,0.511249,0.511211,22
03116161,2015,0.843711,0.80738,0.806901,0.807695,0.8074,0.80488,0.810463,44
03116162,2015,0.8441,0.807768,0.807289,0.808083,0.807788,0.805268,0.810852,44
03116171,2015,0.702446,0.637604,0.637708,0.641025,0.630427,0.629372,0.635718,53
03116172,2015,0.701821,0.636979,0.637084,0.640401,0.629803,0.628748,0.635094,53
03116191,2015,0.403861,0.266353,0.261255,0.267259,0.263978,0.265172,0.253803,34
03116192,2015,0.402835,0.265326,0.260229,0.266232,0.262951,0.264145,0.252776,34
03116201,2015,0.20397,0.620519,0.518612,0.375344,0.712552,0.526243,0.564328,73
03116202,2015,0.206139,0.38744,0.660286,0.23589,0.631076,0.549746,0.516267,73
03116211,2015,0.546,0.438806,0.437159,0.440283,0.439407,0.43115,0.43001,23
03116212,2015,0.546294,0.439099,0.437452,0.440576,0.4397,0.431443,0.430304,23
03116221,2015,0.894127,0.874835,0.872896,0.86986,0.873492,0.86764,0.87626,39
03116222,2015,0.894404,0.875112,0.873172,0.870137,0.873769,0.867916,0.876537,39
03116231,2015,0.947428,0.926661,0.927112,0.926176,0.928261,0.924577,0.929184,34
03116232,2015,0.947771,0.927004,0.927455,0.926518,0.928603,0.92492,0.929527,34
03116261,2015,0.056779,0.82126,0.862138,0.84355,0.714397,0.834885,0.824028,72
03116262,2015,0.090119,0.489334,0.504476,0.415705,0.354502,0.412812,0.429717,72
03116281,2015,0.578069,0.487209,0.492891,0.418286,0.426686,0.508092,0.462894,78
03116282,2015,0.577756,0.518927,0.414829,0.508075,0.502302,0.445718,0.477247,78
03116291,2015,0.991671,0.992058,0.990953,0.990767,0.990508,0.991732,0.992021,64
03116292,2015,0.991186,0.990871,0.989885,0.98958,0.990023,0.990095,0.990834,64
03116301,2015,0.246671,0.069406,0.069658,0.068824,0.068014,0.064283,0.056983,78
03116302,2015,0.247032,0.069767,0.070018,0.069184,0.068375,0.064644,0.057344,78
03116321,2015,0.839886,0.802143,0.802058,0.804117,0.803116,0.800689,0.806854,38
03116322,2015,0.839595,0.801852,0.801768,0.803827,0.802825,0.800399,0.806563,38
03116341,2015,0.172978,0.067727,0.016857,0.423881,0.098261,0.302021,0.168943,24
03116351,2015,0.585205,0.649834,0.614142,0.506832,0.550525,0.642362,0.599857,38
03116352,2015,0.584971,0.514885,0.597045,0.537803,0.654762,0.743979,0.618965,38
03116371,2015,0.28263,0.114418,0.115393,0.111105,0.11338,0.110882,0.096554,38
03116372,2015,0.282322,0.11411,0.115084,0.110797,0.113071,0.110574,0.096246,38
03116401,2015,0.279873,0.111277,0.11026,0.107829,0.109371,0.105959,0.093044,70
